{
  "per_symbol": {
    "A": 0.8765481144189834,
    "B": 0.9381226897239685,
    "C": 0.9274501770734787,
    "D": 0.9335072338581085,
    "E": 0.9294538885354995,
    "F": 0.9349774867296219,
    "G": 0.9273054450750351,
    "H": 0.9361855685710907,
    "I": 0.933649531006813,
    "J": 0.9316351741552352,
    "K": 0.9323270678520202,
    "L": 0.9343556940555572
  }
}