{
  "per_symbol": {
    "A": 0.9226822257041931,
    "B": 0.9874975681304932,
    "C": 0.9762633442878723,
    "D": 0.9826391935348511,
    "E": 0.9783725142478943,
    "F": 0.9841868281364441,
    "G": 0.9761109948158264,
    "H": 0.985458493232727,
    "I": 0.9827889800071716,
    "J": 0.9806686043739319,
    "K": 0.9813969135284424,
    "L": 0.9835323095321655
  }
}